이름,나이,거주지
테스트1,30,서울
테스트2,40,경기
테스트3,50,인천
테스트1,30,서울
테스트2,40,경기
테스트3,50,인천
테스트1,30,서울
테스트2,40,경기
테스트3,50,인천
테스트1,30,서울
테스트2,40,경기
테스트3,50,인천
테스트1,30,서울
테스트2,40,경기
테스트3,50,인천
테스트1,30,서울
테스트2,40,경기
테스트3,50,인천
테스트1,30,서울
테스트2,40,경기
테스트3,50,인천
테스트1,30,서울
테스트2,40,경기
테스트3,50,인천
테스트1,30,서울
테스트2,40,경기
테스트3,50,인천
테스트1,30,서울
테스트2,40,경기
테스트3,50,인천
테스트1,30,서울
테스트2,40,경기
테스트3,50,인천
테스트1,30,서울
테스트2,40,경기
테스트3,50,인천
테스트1,30,서울
테스트2,40,경기
테스트3,50,인천
테스트1,30,서울
테스트2,40,경기
테스트3,50,인천
테스트1,30,서울
테스트2,40,경기
테스트3,50,인천
테스트1,30,서울
테스트2,40,경기
테스트3,50,인천
테스트1,30,서울
테스트2,40,경기
테스트3,50,인천
테스트1,30,서울
테스트2,40,경기
테스트3,50,인천
테스트1,30,서울
테스트2,40,경기
테스트3,50,인천
테스트1,30,서울
테스트2,40,경기
테스트3,50,인천
테스트1,30,서울
테스트2,40,경기
테스트3,50,인천
테스트1,30,서울
테스트2,40,경기
테스트3,50,인천
테스트1,30,서울
테스트2,40,경기
테스트3,50,인천
테스트1,30,서울
테스트2,40,경기
테스트3,50,인천
테스트1,30,서울
테스트2,40,경기
테스트3,50,인천
테스트1,30,서울
테스트2,40,경기
테스트3,50,인천
테스트1,30,서울
테스트2,40,경기
테스트3,50,인천
테스트1,30,서울
테스트2,40,경기
테스트3,50,인천
테스트1,30,서울
테스트2,40,경기
테스트3,50,인천
테스트1,30,서울
테스트2,40,경기
테스트3,50,인천
테스트1,30,서울
테스트2,40,경기
테스트3,50,인천
테스트1,30,서울
테스트2,40,경기
테스트3,50,인천
테스트1,30,서울
테스트2,40,경기
테스트3,50,인천
테스트1,30,서울
,40,경기
,50,인천
,30,서울
